{
    "mae": 11886396.086999642,
    "rmse": 25293089.950976122,
    "r2": 0.9177052811573969,
    "predicted_price": 48319000.0,
    "timestamp": "2025-06-10 02:17:01"
}