{
    "mae": 9938175.231210325,
    "rmse": 24927211.57431174,
    "r2": 0.953716131654331
}